model,mae,rmse,mape,directional_accuracy
xgboost_model_1,0.10699605597390069,0.12218150122168124,6.663773707852096,0.45714285714285713
sarima_log,0.1024401475518761,0.1312847974290947,6.1770837604063065,0.574468085106383
baseline_naive,0.11020833333333331,0.13536216852084879,6.601072928923999,0.48936170212765956
