model_name,mae,rmse,mape
model_1_target_lags_only,0.10812738180160522,0.13602912332004224,6.70081802829149
model_2_target_lags_plus_external,0.12234755347756776,0.1425378190154862,7.543909268011255
