feature,importance
lag1,0.43933326
lag2,0.15695497
month,0.13431434
lag6,0.11025848
lag3,0.09077519
lag12,0.06836376
