model,mae,rmse,mape,directional_accuracy
xgboost_model_1,0.19898140271504722,0.24545079262879588,4.354901165329583,0.7142857142857143
sarima_log,0.1940401029057975,0.2522734910342104,4.166832200793716,0.7659574468085106
baseline_naive,0.29604166666666676,0.36217801792304666,6.3465293967913965,0.5106382978723404
