feature,importance
lag1,0.4598787
lag2,0.20877041
MEAN_C_lag_2,0.113681845
lag12,0.1105465
integrated_gas_price_lag_0,0.10712257
