feature,importance
month,0.34168234
lag12,0.33865237
lag1,0.10879947
lag6,0.074467085
lag2,0.06825718
lag3,0.06814155
