feature,importance
lag12,0.5579619
MEAN_C_lag_0,0.1387305
lag1,0.10909827
integrated_gas_price_lag_0,0.10609239
lag2,0.08811695
