product,comparison_observations,naive_mae,naive_rmse,naive_mape_pct,sarima_mae,sarima_rmse,sarima_mape_pct,adf_statistic,adf_pvalue,adf_critical_5pct
tomato,107,0.3669655917644739,0.4885813037056191,8.657783166541293,0.2790932567135064,0.4417485296825368,6.53688045418255,-1.820269569415801,0.3704458573811974,-2.8924800524857854
avocado,107,0.09815504225466418,0.12320729432682684,6.059528693389789,0.18803592811538136,0.2917131670765424,11.184667414036682,-4.830770139742166,4.7474894150354927e-05,-2.889758398668639
