product,comparison_observations,naive_mae,naive_rmse,naive_mape_pct,sarima_mae,sarima_rmse,sarima_mape_pct,adf_statistic,adf_pvalue,adf_critical_5pct
tomato,107,0.3049532710280375,0.3799200604554182,6.474026090970203,0.23199015834516715,0.4614115099939975,4.941166606890036,-0.6818870019190981,0.8513855948440014,-2.8921519665075235
avocado,107,0.11018691588785046,0.14153695729516666,6.356191730907594,0.21063885329985013,0.32075804496270266,11.694684741800195,-2.4572850084767617,0.12621617276917724,-2.89090644
