feature,importance
lag12,0.39464015
MEAN_C_lag_0,0.104156606
lag1,0.08307226
import_qty_lag_0,0.06767426
lag3,0.06125568
PRECIPITATION_MM_lag_6,0.05188984
lag2,0.051144086
integrated_gas_price_lag_0,0.050537586
MXN_CAD_lag_0,0.04922144
USD_CAD_lag_0,0.044660613
lag6,0.041747496
